{
  "sid_rwy18_rnav": {
    "bounds": [
      [
        128.87068545371403,
        36.16183486364153
      ],
      [
        129.72670694484427,
        36.16183486364153
      ],
      [
        129.72670694484427,
        35.17156226146215
      ],
      [
        128.87068545371403,
        35.17156226146215
      ]
    ]
  },
  "sid_rwy18_conv": {
    "bounds": [
      [
        128.9155464229236,
        36.14434385316713
      ],
      [
        129.76880339855464,
        36.14434385316713
      ],
      [
        129.76880339855464,
        35.15640966422144
      ],
      [
        128.9155464229236,
        35.15640966422144
      ]
    ]
  },
  "sid_rwy36_rnav": {
    "bounds": [
      [
        128.8796926778011,
        36.192343682553826
      ],
      [
        129.7368123554939,
        36.192343682553826
      ],
      [
        129.7368123554939,
        35.20535738702879
      ],
      [
        128.8796926778011,
        35.20535738702879
      ]
    ]
  },
  "sid_rwy36_conv": {
    "bounds": [
      [
        128.97243207789197,
        36.117243267392666
      ],
      [
        129.7375572491295,
        36.117243267392666
      ],
      [
        129.7375572491295,
        35.22992465262591
      ],
      [
        128.97243207789197,
        35.22992465262591
      ]
    ]
  },
  "star_rwy18": {
    "bounds": [
      [
        128.80336952123128,
        36.17500078590541
      ],
      [
        129.6625430191883,
        36.17500078590541
      ],
      [
        129.6625430191883,
        35.186063405109095
      ],
      [
        128.80336952123128,
        35.186063405109095
      ]
    ]
  },
  "star_rwy36": {
    "bounds": [
      [
        128.90086223413854,
        36.15919299005497
      ],
      [
        129.75865590060204,
        36.15919299005497
      ],
      [
        129.75865590060204,
        35.17334330774038
      ],
      [
        128.90086223413854,
        35.17334330774038
      ]
    ]
  },
  "apch_rnp_y_rwy18": {
    "bounds": [
      [
        128.91783025674903,
        36.08243161973628
      ],
      [
        129.87951312337128,
        36.08243161973628
      ],
      [
        129.87951312337128,
        34.993474423806326
      ],
      [
        128.91783025674903,
        34.993474423806326
      ]
    ]
  },
  "apch_rnp_z_rwy18": {
    "bounds": [
      [
        128.86125062251674,
        36.07116250402711
      ],
      [
        129.82062096383203,
        36.07116250402711
      ],
      [
        129.82062096383203,
        34.98043222367019
      ],
      [
        128.86125062251674,
        34.98043222367019
      ]
    ]
  },
  "apch_vor_rwy18": {
    "bounds": [
      [
        128.8919002399879,
        36.17505240077262
      ],
      [
        129.9687466328282,
        36.17505240077262
      ],
      [
        129.9687466328282,
        34.94333995452898
      ],
      [
        128.8919002399879,
        34.94333995452898
      ]
    ]
  },
  "apch_ils_y_rwy36": {
    "bounds": [
      [
        128.7119951459742,
        36.155576763992684
      ],
      [
        129.91623514821399,
        36.155576763992684
      ],
      [
        129.91623514821399,
        34.78880130132792
      ],
      [
        128.7119951459742,
        34.78880130132792
      ]
    ]
  },
  "apch_ils_z_rwy36": {
    "bounds": [
      [
        128.8116045138932,
        36.11060680657827
      ],
      [
        129.89366425998054,
        36.11060680657827
      ],
      [
        129.89366425998054,
        34.88312973130289
      ],
      [
        128.8116045138932,
        34.88312973130289
      ]
    ]
  },
  "apch_rnp_rwy36": {
    "bounds": [
      [
        128.89534954320936,
        36.066083473895546
      ],
      [
        129.8570310020866,
        36.066083473895546
      ],
      [
        129.8570310020866,
        34.97496382480097
      ],
      [
        128.89534954320936,
        34.97496382480097
      ]
    ]
  },
  "apch_vor_rwy36": {
    "bounds": [
      [
        128.81201548455982,
        36.115452066482035
      ],
      [
        129.90567066693237,
        36.115452066482035
      ],
      [
        129.90567066693237,
        34.88610399566948
      ],
      [
        128.81201548455982,
        34.88610399566948
      ]
    ]
  }
}